{
	"id": "64b73174-3c57-fa5f-d62e-fdec370c0524",
	"name": "metodosrest",
	"description": "",
	"order": [
		"3239ed67-360d-68c0-db3b-5479cdb1be3e",
		"3a5fd35c-2904-f07a-b526-2943739f09d2",
		"abe21607-873a-dfbb-dbab-0d5211c2b67a",
		"7298a283-ee52-350f-4f50-2842a10b6884"
	],
	"folders": [],
	"timestamp": 1489544194509,
	"owner": "1616148",
	"public": false,
	"requests": [
		{
			"id": "3239ed67-360d-68c0-db3b-5479cdb1be3e",
			"headers": "Content-Type: application/json\n",
			"url": "http://localhost:3000/posts",
			"preRequestScript": null,
			"pathVariables": {},
			"method": "POST",
			"data": [],
			"dataMode": "raw",
			"tests": null,
			"currentHelper": "normal",
			"helperAttributes": {},
			"time": 1489544339058,
			"name": "http://localhost:3000/posts",
			"description": "",
			"collectionId": "64b73174-3c57-fa5f-d62e-fdec370c0524",
			"responses": [],
			"rawModeData": "{\"id\":1,\"title\":\"Post4\",\"body\":\"Coma mierda\",\"author\":\"Ricardo Marin\"} "
		},
		{
			"id": "3a5fd35c-2904-f07a-b526-2943739f09d2",
			"headers": "",
			"url": "http://localhost:3000/posts/7.json",
			"pathVariables": {},
			"preRequestScript": null,
			"method": "DELETE",
			"collectionId": "64b73174-3c57-fa5f-d62e-fdec370c0524",
			"data": null,
			"dataMode": "params",
			"name": "http://localhost:3000/posts/7.json",
			"description": "metodo del delete",
			"descriptionFormat": "html",
			"time": 1489544464420,
			"version": 2,
			"responses": [],
			"tests": null,
			"currentHelper": "normal",
			"helperAttributes": {}
		},
		{
			"id": "7298a283-ee52-350f-4f50-2842a10b6884",
			"headers": "Content-Type: application/json\n",
			"url": "http://localhost:3000/posts/6.json",
			"pathVariables": {},
			"preRequestScript": null,
			"method": "PUT",
			"collectionId": "64b73174-3c57-fa5f-d62e-fdec370c0524",
			"data": [],
			"dataMode": "raw",
			"name": "http://localhost:3000/usuarios",
			"description": "metodo modificar clientes",
			"descriptionFormat": "html",
			"time": 1489544843123,
			"version": 2,
			"responses": [],
			"tests": null,
			"currentHelper": "normal",
			"helperAttributes": {},
			"rawModeData": "{\n\"title\":\"jose\",\n\"body\":\"sajda\",\n\"author\":\"aguita\"\n}"
		},
		{
			"id": "abe21607-873a-dfbb-dbab-0d5211c2b67a",
			"headers": "",
			"url": "http://localhost:3000/posts.json",
			"pathVariables": {},
			"preRequestScript": null,
			"method": "GET",
			"collectionId": "64b73174-3c57-fa5f-d62e-fdec370c0524",
			"data": null,
			"dataMode": "params",
			"name": "http://localhost:3000/posts.json",
			"description": "metodo get",
			"descriptionFormat": "html",
			"time": 1489544516417,
			"version": 2,
			"responses": [],
			"tests": null,
			"currentHelper": "normal",
			"helperAttributes": {}
		}
	]
}